name,rating,num_reviews,address,phone,website,yelp
Le Comptoir de la Gastronomie,4.5,1116,34 rue Montmartre 75001 Paris,01 42 33 31 32,www.comptoirdelagastronomie.co,https://www.yelp.com/biz/le-comptoir-de-la-gastronomie-paris?osq=Restaurant
Bistro des Augustins,4.5,436,39 quai des Grands Augustins 75006 Paris,01 43 54 04 41,,https://www.yelp.com/biz/bistro-des-augustins-paris?osq=Restaurant
Le Temps des Cerises,4.5,347,31 rue de la Cerisaie 75004 Paris,01 42 72 08 63,www.letempsdescerises-restaurant.f,https://www.yelp.com/biz/le-temps-des-cerises-paris-5?osq=Restaurant
L'Avant Comptoir,4.5,618,3 carrefour de l'Odéon 75006 Paris,01 42 38 47 55,www.hotel-paris-relais-saint-germain.com,https://www.yelp.com/biz/l-avant-comptoir-paris-3?osq=Restaurant
Les Antiquaires,4.5,356,13 rue du Bac 75007 Paris,01 42 61 08 36,,https://www.yelp.com/biz/les-antiquaires-paris?osq=Restaurant
Le Petit Canard,4.5,194,19 rue Henri Monnier 75009 Paris,01 49 70 07 95,www.resto-lepetitcanard.co,https://www.yelp.com/biz/le-petit-canard-paris?osq=Restaurant
Pain Vin Fromages,4.5,253,3 rue Geoffroy-l'Angevin 75004 Paris,01 42 74 07 52,,https://www.yelp.com/biz/pain-vin-fromages-paris?osq=Restaurant
La Coïncidence,4.5,496,15 rue Mesnil 75116 Paris,01 47 55 96 44,www.lacoincidence.co,https://www.yelp.com/biz/la-co%C3%AFncidence-paris-4?osq=Restaurant
Chez Fernand,4.5,196,9 rue Christine 75006 Paris,01 43 25 18 55,www.chezfernand.f,https://www.yelp.com/biz/chez-fernand-paris?osq=Restaurant
L'As du Fallafel,4.5,1813,34 rue des Rosiers 75004 Paris,01 48 87 63 60,,https://www.yelp.com/biz/l-as-du-fallafel-paris?osq=Restaurant
Gemini,4.5,31,16 rue des Halles 75001 Paris,01 42 61 59 20,www.restaurantgemini.f,https://www.yelp.com/biz/gemini-paris-2?osq=Restaurant
Frenchie Restaurant,4.5,215,5-6 rue du Nil 75002 Paris,01 40 39 96 19,www.frenchie-restaurant.com,https://www.yelp.com/biz/frenchie-restaurant-paris?osq=Restaurant
Pedzouille,5.0,22,66 rue du Faubourg Poissonnière 75010 Paris,09 86 40 42 42,www.pedzouille.f,https://www.yelp.com/biz/pedzouille-paris?osq=Restaurant
Gambino,4.5,210,6 rue Gomboust 75001 Paris,01 42 60 12 70,www.gambino-restaurant.f,https://www.yelp.com/biz/gambino-paris-2?osq=Restaurant
La Fontaine de Mars,4.5,279,129 rue Saint-Dominique 75007 Paris,01 47 05 46 44,www.fontainedemars.co,https://www.yelp.com/biz/la-fontaine-de-mars-paris-2?osq=Restaurant
Le Relais de l'Entrecôte,4.0,440,20 rue Saint Benoît 75006 Paris,01 45 49 16 00,,https://www.yelp.com/biz/le-relais-de-l-entrec%C3%B4te-paris-4?osq=Restaurant
Girafe,4.0,54,1 place du Trocadéro Palais de Chaillot,01 40 62 70 61,www.girafeparis.co,https://www.yelp.com/biz/girafe-paris?osq=Restaurant
La Régalade,4.5,89,106 rue Saint-Honoré 75001 Paris,01 42 21 92 40,www.laregalade.pari,https://www.yelp.com/biz/la-r%C3%A9galade-paris-3?osq=Restaurant
Chungking Express,4.5,20,5 rue de la Tour d'Auvergne 75009 Paris,09 82 36 03 17,www.chungkingexpress.f,https://www.yelp.com/biz/chungking-express-paris?osq=Restaurant
Chez Janou,4.0,534,2 rue Roger Verlomme 75003 Paris,01 42 72 28 41,www.chezjanou.f,https://www.yelp.com/biz/chez-janou-paris?osq=Restaurant
Chungking Express,4.5,20,5 rue de la Tour d'Auvergne 75009 Paris,09 82 36 03 17,www.chungkingexpress.f,https://www.yelp.com/biz/chungking-express-paris?osq=Restaurant
Le Comptoir,4.0,439,9 carrefour de l'Odeon 75006 Paris,01 44 27 07 50,www.hotel-paris-relais-saint-germain.co,https://www.yelp.com/biz/le-comptoir-paris-18?osq=Restaurant
La Cordonnerie,5.0,80,20 rue Saint Roch 75001 Paris,01 42 60 17 42,,https://www.yelp.com/biz/la-cordonnerie-paris-5?osq=Restaurant
LouLou,4.0,40,107 rue de Rivoli 75001 Paris,01 42 60 41 96,,https://www.yelp.com/biz/loulou-paris?osq=Restaurant
Le Potager du Père Thierry,4.5,426,16 rue des Trois Frères 75018 Paris,01 53 28 26 20,,https://www.yelp.com/biz/le-potager-du-p%C3%A8re-thierry-paris-2?osq=Restaurant
Café de Paris,4.0,61,3 rue de l'Échelle 75001 Paris,01 42 60 84 26,,https://www.yelp.com/biz/caf%C3%A9-de-paris-paris-9?osq=Restaurant
Le Bistro du Périgord,4.5,346,71 rue Saint-Jacques 75005 Paris,01 43 29 67 49,,https://www.yelp.com/biz/le-bistro-du-p%C3%A9rigord-paris-3?osq=Restaurant
Le Boui Boui,4.5,58,11 rue Marie Stuart 75002 Paris,01 42 36 40 94,,https://www.yelp.com/biz/le-boui-boui-paris?osq=Restaurant
Le Boui Boui,4.5,58,11 rue Marie Stuart 75002 Paris,01 42 36 40 94,,https://www.yelp.com/biz/le-boui-boui-paris?osq=Restaurant
Le Relais de l’Entrecôte,4.0,504,15 rue Marbeuf 75008 Paris,01 49 52 07 17,,https://www.yelp.com/biz/le-relais-de-l-entrec%C3%B4te-paris-3?osq=Restaurant
Angelina,4.0,1362,226 rue de Rivoli 75001 Paris,01 42 60 82 00,www.angelina-paris.fr,https://www.yelp.com/biz/angelina-paris?osq=Restaurant
L'Escargot,4.0,211,38 rue Montorgueil 75001 Paris,01 42 36 83 51,,https://www.yelp.com/biz/l-escargot-paris-3?osq=Restaurant
Le Porte Pot,4.5,133,14 rue Boutebrie 75005 Paris,01 43 25 24 24,www.leportepot.f,https://www.yelp.com/biz/le-porte-pot-paris?osq=Restaurant
Chez Papa Jazz Club,4.5,45,3 rue Saint-Benoît 75006 Paris,01 42 86 99 63,www.papajazzclub-paris.fr,https://www.yelp.com/biz/chez-papa-jazz-club-paris?osq=Restaurant
Derrière,4.0,124,69 rue des Gravilliers 75003 Paris,01 44 61 91 95,www.derriere-resto.co,https://www.yelp.com/biz/derri%C3%A8re-paris?osq=Restaurant
Poulette,4.0,54,3 Rue Etienne Marcel 75001 Paris,09 53 62 89 17,www.pouletterestaurant.co,https://www.yelp.com/biz/poulette-paris?osq=Restaurant
L'Atelier de Joël Robuchon,4.0,380,5 rue de Montalembert Hôtel du Pont Royal,01 42 22 56 56,www.joel-robuchon.com,https://www.yelp.com/biz/l-atelier-de-jo%C3%ABl-robuchon-paris-2?osq=Restaurant
Le Comptoir,4.5,121,18 avenue René Coty 75014 Paris,18 avenue René Coty 75014 Paris France,[],https://www.yelp.com/biz/le-comptoir-paris-12?osq=Restaurant
La Cuisine de Chez Moi,4.5,25,14 rue Richer 75009 Paris,07 76 03 25 95,,https://www.yelp.com/biz/la-cuisine-de-chez-moi-paris?osq=Restaurant
East Mamma,4.5,241,133 rue du Faubourg Saint-Antoine 75011 Paris,01 43 41 32 15,www.bigmammagroup.com,https://www.yelp.com/biz/east-mamma-paris-5?osq=Restaurant
Les Petites Bouchées,4.5,68,4 rue du Roi de Sicile 75004 Paris,01 44 61 49 96,,https://www.yelp.com/biz/les-petites-bouch%C3%A9es-paris?osq=Restaurant
Ellsworth,4.5,114,34 rue de Richelieu 75001 Paris,01 42 60 59 66,www.ellsworthparis.com,https://www.yelp.com/biz/ellsworth-paris?osq=Restaurant
Janine loves Sunday,4.5,59,49 rue Montmartre 75002 Paris,01 40 26 56 80,,https://www.yelp.com/biz/janine-loves-sunday-paris?osq=Restaurant
Le Café Laurent,4.5,17,Hôtel d'Aubusson 33 rue Dauphine,01 43 29 03 33,www.hoteldaubusson.com,https://www.yelp.com/biz/le-caf%C3%A9-laurent-paris-2?osq=Restaurant
Langousta,5.0,31,20 rue Singer 75016 Paris,,,https://www.yelp.com/biz/langousta-paris?osq=Restaurant
Le Petit Marché,4.5,93,9 rue Béarn 75003 Paris,01 42 72 06 67,www.lepetitmarche.e,https://www.yelp.com/biz/le-petit-march%C3%A9-paris-6?osq=Restaurant
Ferdi,4.0,128,32 rue du Mont Thabor 75001 Paris,06 51 70 29 70,www.ferdi-restaurant.co,https://www.yelp.com/biz/ferdi-paris?osq=Restaurant
Café Plume,4.0,19,164 rue Saint-Honoré 75001 Paris,01 42 60 27 66,www.cafeplume-paris.f,https://www.yelp.com/biz/caf%C3%A9-plume-paris-2?osq=Restaurant
Les Artizans,4.5,24,30 rue de Montorgueil 75001 Paris,01 40 28 44 74,,https://www.yelp.com/biz/les-artizans-paris?osq=Restaurant
L'Ange 20,5.0,42,44 rue des Tournelles 75004 Paris,01 49 96 58 39,,https://www.yelp.com/biz/l-ange-20-paris-2?osq=Restaurant
Le Bistrot des Campagnes,4.5,123,6 rue Léopold Robert 75014 Paris,01 40 47 91 27,www.lebistrotdescampagnes.f,https://www.yelp.com/biz/le-bistrot-des-campagnes-paris-2?osq=Restaurant
Lion Sot,5.0,6,6 avenue René Coty 75014 Paris,06 12 88 69 59,,https://www.yelp.com/biz/lion-sot-paris?osq=Restaurant
Chez Gladines,4.0,224,44 bd Saint-Germain 75005 Paris,01 46 33 93 88,,https://www.yelp.com/biz/chez-gladines-paris-2?osq=Restaurant
Le Soufflé,4.0,269,36 rue du Mont Thabor 75001 Paris,01 42 60 27 19,www.lesouffle.fr,https://www.yelp.com/biz/le-souffl%C3%A9-paris-2?osq=Restaurant
Essaouira,4.5,47,16 rue de Magdebourg 75116 Paris,01 47 27 57 28,,https://www.yelp.com/biz/essaouira-paris?osq=Restaurant
Les Cocottes,4.0,520,135 rue Saint Dominique 75007 Paris,,,https://www.yelp.com/biz/les-cocottes-paris-4?osq=Restaurant
Ô Chateau,4.5,147,68 rue Jean-Jacques Rousseau 75001 Paris,01 44 73 97 80,www.o-chateau.co,https://www.yelp.com/biz/%C3%B4-chateau-paris-6?osq=Restaurant
Ober Mamma,4.5,259,107 boulevard Richard Lenoir 75011 Paris,01 58 30 62 78,www.bigmammagroup.com,https://www.yelp.com/biz/ober-mamma-paris?osq=Restaurant
Café Louise,4.5,59,8 rue Croix des Petits Champs 75001 Paris,01 42 60 22 44,www.cafelouisepalaisroyal.co,https://www.yelp.com/biz/caf%C3%A9-louise-paris-4?osq=Restaurant
Guy Savoy,4.5,72,Monnaie de Paris 11 quai de Conti,01 43 80 40 61,www.guysavoy.com,https://www.yelp.com/biz/guy-savoy-paris-3?osq=Restaurant
Robert et Louise,4.0,325,64 rue Vieille du Temple 75003 Paris,01 42 78 55 89,,https://www.yelp.com/biz/robert-et-louise-paris-2?osq=Restaurant
Il Gigolo,4.0,51,11 rue de la Huchette 75005 Paris,01 43 29 32 38,,https://www.yelp.com/biz/il-gigolo-paris?osq=Restaurant
Les Papilles,4.5,251,30 rue Gay-Lussac 75005 Paris,,,https://www.yelp.com/biz/les-papilles-paris-2?osq=Restaurant
Café Blanc,4.5,38,10 rue Croix des Petits Champs 75001 Paris,01 42 33 55 85,,https://www.yelp.com/biz/caf%C3%A9-blanc-paris-7?osq=Restaurant
Iovine's,4.5,46,7 bis rue du Colonel Driant 75001 Paris,01 47 03 92 09,www.iovines.com,https://www.yelp.com/biz/iovines-paris-2?osq=Restaurant
Sanukiya,4.5,352,9 rue d'Argenteuil 75001 Paris,01 42 60 52 61,,https://www.yelp.com/biz/sanukiya-paris?osq=Restaurant
Heureux Comme Alexandre,4.5,97,24 rue Parcheminerie 75005 Paris,01 43 26 49 66,,https://www.yelp.com/biz/heureux-comme-alexandre-paris-3?osq=Restaurant
Les Botanistes,4.5,29,11 bis rue Chomel 75007 Paris,01 45 49 04 54,,https://www.yelp.com/biz/les-botanistes-paris?osq=Restaurant
Chez Mademoiselle,4.5,105,16 rue Charlemagne 75004 Paris,01 42 72 14 16,www.restaurantchezmademoiselle.fr,https://www.yelp.com/biz/chez-mademoiselle-paris-3?osq=Restaurant
L'Entente,4.5,14,13 rue Monsigny 75002 Paris,01 47 42 92 35,,https://www.yelp.com/biz/l-entente-paris?osq=Restaurant
Juvéniles,4.0,60,47 rue de Richelieu 75001 Paris,01 42 97 46 49,www.juvenileswinebar.co,https://www.yelp.com/biz/juv%C3%A9niles-paris-2?osq=Restaurant
Au Petit Village,5.0,12,06 rue Coypel 75013 Paris,01 43 37 08 57,www.aupetitvillage-restaurant.f,https://www.yelp.com/biz/au-petit-village-paris?osq=Restaurant
Firmine,4.0,400,38 bis avenue de Suffren 75015 Paris,01 47 34 27 91,,https://www.yelp.com/biz/firmine-paris?osq=Restaurant
Au Père Louis,4.0,255,38 rue Monsieur le Prince 75006 Paris,01 43 26 54 14,,https://www.yelp.com/biz/au-p%C3%A8re-louis-paris-2?osq=Restaurant
La Maison de la Truffe,4.5,91,19 place de la Madeleine 75008 Paris,01 42 65 53 22,www.maison-de-la-truffe.co,https://www.yelp.com/biz/la-maison-de-la-truffe-paris?osq=Restaurant
La Poule au Pot,4.0,110,9 rue Vauvilliers 75001 Paris,01 42 36 32 96,www.lapouleaupot.co,https://www.yelp.com/biz/la-poule-au-pot-paris-2?osq=Restaurant
Mystery Cuisine,5.0,11,37 Bis Rue De Montpensier 75001 Paris,01 40 20 03 02,,https://www.yelp.com/biz/mystery-cuisine-paris?osq=Restaurant
Chez le Libanais,4.5,184,35 et 36 rue Saint-André-des-Arts 75006 Paris,01 40 46 07 39,,https://www.yelp.com/biz/chez-le-libanais-paris?osq=Restaurant
L'Amour Vache,4.5,26,2 bd de Bonne Nouvelle 75010 Paris,01 77 12 76 34,www.lamourvache.f,https://www.yelp.com/biz/l-amour-vache-paris?osq=Restaurant
Kodawari Ramen,4.5,22,12 rue de Richelieu 75001 Paris,01 42 61 34 60,www.kodawari-ramen.co,https://www.yelp.com/biz/kodawari-ramen-paris-8?osq=Restaurant
Pedra Alta,4.5,15,11 boulevard Beaumarchais 75004 Paris,01 40 24 04 73,,https://www.yelp.com/biz/pedra-alta-paris-5?osq=Restaurant
Le Train Bleu,4.0,262,Place Louis Armand 1er étage,01 43 43 09 06,www.le-train-bleu.com,https://www.yelp.com/biz/le-train-bleu-paris-3?osq=Restaurant
La Tour de Montlhéry ou chez Denise,4.0,107,5 rue Prouvaires 75001 Paris,01 42 36 21 82,,https://www.yelp.com/biz/la-tour-de-montlh%C3%A9ry-ou-chez-denise-paris-2?osq=Restaurant
Café Varenne,4.5,82,36 rue de Varenne 75007 Paris,01 45 48 62 72,,https://www.yelp.com/biz/caf%C3%A9-varenne-paris-4?osq=Restaurant
Le Train Bleu,4.0,262,Place Louis Armand 1er étage,01 43 43 09 06,www.le-train-bleu.com,https://www.yelp.com/biz/le-train-bleu-paris-3?osq=Restaurant
La Tour de Montlhéry ou chez Denise,4.0,107,5 rue Prouvaires 75001 Paris,01 42 36 21 82,,https://www.yelp.com/biz/la-tour-de-montlh%C3%A9ry-ou-chez-denise-paris-2?osq=Restaurant
Café Varenne,4.5,82,36 rue de Varenne 75007 Paris,01 45 48 62 72,,https://www.yelp.com/biz/caf%C3%A9-varenne-paris-4?osq=Restaurant
Chez Georges,4.0,69,1 rue du Mail 75002 Paris,01 42 60 07 11,,https://www.yelp.com/biz/chez-georges-paris-6?osq=Restaurant
Le Petit Châtelet,4.0,123,39 rue de la Bûcherie 75005 Paris,01 46 33 53 40,,https://www.yelp.com/biz/le-petit-ch%C3%A2telet-paris-5?osq=Restaurant
Comptoir Gourmet,4.5,46,51 rue du Temple 75004 Paris,,,https://www.yelp.com/biz/comptoir-gourmet-paris?osq=Restaurant
Aux Trois Mailletz,4.0,61,56 rue Galande 75005 Paris,01 43 54 00 79,www.lestroismailletz.fr,https://www.yelp.com/biz/aux-trois-mailletz-paris?osq=Restaurant
Sacrée Fleur,4.5,89,50 rue Clignancourt 75018 Paris,01 42 51 66 18,www.sacreefleur.f,https://www.yelp.com/biz/sacr%C3%A9e-fleur-paris-2?osq=Restaurant
Fric-Frac,4.5,22,79 quai de Valmy 75010 Paris,01 42 85 87 34,www.fricfrac.f,https://www.yelp.com/biz/fric-frac-paris-3?osq=Restaurant
Le Poulailler,4.5,6,60 rue Saint-Sabin 75011 Paris,01 55 28 67 36,,https://www.yelp.com/biz/le-poulailler-paris?osq=Restaurant
Terra,4.5,3,21 rue des Gravilliers 75003 Paris,01 45 30 02 58,,https://www.yelp.com/biz/terra-paris-2?osq=Restaurant
Le Vaudésir,5.0,24,41 rue Dareau 75014 Paris,01 43 22 03 93,www.bistrot-levaudesir.co,https://www.yelp.com/biz/le-vaud%C3%A9sir-paris?osq=Restaurant
Restaurant de la Tour,5.0,50,6 Rue Desaix 75015 Paris,01 43 06 04 24,www.restaurant-delatour.f,https://www.yelp.com/biz/restaurant-de-la-tour-paris?osq=Restaurant
Pedra Alta,4.5,15,11 boulevard Beaumarchais 75004 Paris,01 40 24 04 73,,https://www.yelp.com/biz/pedra-alta-paris-5?osq=Restaurant
Le Grenier de Notre-Dame,4.0,103,18 rue de la Bucherie 75005 Paris,01 43 29 98 29,www.geodruid.com,https://www.yelp.com/biz/le-grenier-de-notre-dame-paris?osq=Restaurant
Le P'tit Barcelone,4.5,9,10 Rue Boule Rouge 75009 Paris,01 40 22 96 39,www.leptitbarcelone.fr,https://www.yelp.com/biz/le-p-tit-barcelone-paris?osq=Restaurant
Le Bistrot des Halles,4.0,19,15 rue des Halles 75001 Paris,01 42 36 91 69,,https://www.yelp.com/biz/le-bistrot-des-halles-paris-2?osq=Restaurant
Au Pied de Cochon,3.0,330,6 rue Coquillière 75001 Paris,01 40 13 77 00,www.pieddecochon.co,https://www.yelp.com/biz/au-pied-de-cochon-paris-2?osq=Restaurant
Kokoro,5.0,6,36 rue des Boulangers 75005 Paris,01 44 07 13 29,,https://www.yelp.com/biz/kokoro-paris?osq=Restaurant
Bouillon Chartier,3.5,957,7 rue du Faubourg Montmartre 75009 Paris,01 47 70 86 29,www.bouillon-chartier.com,https://www.yelp.com/biz/bouillon-chartier-paris?osq=Restaurant
Beefbar,4.0,11,5 rue Marbeuf 75008 Paris,01 44 31 40 00,,https://www.yelp.com/biz/beefbar-paris?osq=Restaurant
Le Colimaçon,4.5,134,44 rue Vieille du Temple 75004 Paris,01 48 87 12 01,www.le-colimacon.f,https://www.yelp.com/biz/le-colima%C3%A7on-paris-4?osq=Restaurant
Au Bon Accueil,4.5,80,14 rue Monttessuy 75007 Paris,01 47 05 46 11,www.aubonaccueilparis.co,https://www.yelp.com/biz/au-bon-accueil-paris-3?osq=Restaurant
Restaurant Mumi,4.5,6,14 rue Sauval 75001 Paris,01 40 26 27 54,www.restaurantmumi.co,https://www.yelp.com/biz/restaurant-mumi-paris?osq=Restaurant
Candelaria,4.0,330,52 rue de Saintonge 75003 Paris,01 42 74 41 28,www.quixotic-projects.com,https://www.yelp.com/biz/candelaria-paris-2?osq=Restaurant
Miznon,4.5,167,22 rue des Ecouffes 75004 Paris,01 42 74 83 58,,https://www.yelp.com/biz/miznon-paris?osq=Restaurant
Le Voltaire,4.0,42,27 quai Voltaire 75007 Paris,01 42 61 17 49,,https://www.yelp.com/biz/le-voltaire-paris-2?osq=Restaurant
Le P'tit Bistro,5.0,14,8 rue Saint-Martin 75004 Paris,01 42 78 55 80,,https://www.yelp.com/biz/le-p-tit-bistro-paris-2?osq=Restaurant
Le Coq Rico,4.5,104,98 Rue Lepic 75018 Paris,01 42 59 82 89,www.lecoqrico.com,https://www.yelp.com/biz/le-coq-rico-paris?osq=Restaurant
Le Cirque,4.0,12,141 rue Saint-Martin 75004 Paris,01 42 78 35 00,www.restaurant-le-cirque.f,https://www.yelp.com/biz/le-cirque-paris?osq=Restaurant
Le Pas Sage,4.5,47,1 Passage du Grand Cerf 75002 Paris,01 40 28 45 60,,https://www.yelp.com/biz/le-pas-sage-paris?osq=Restaurant
Café Saint-Régis,4.0,168,6 rue Jean du Bellay 75004 Paris,01 43 54 59 41,www.lesaintregis-paris.co,https://www.yelp.com/biz/caf%C3%A9-saint-r%C3%A9gis-paris-2?osq=Restaurant
La Belle Epoque,4.0,10,36 rue des Petits Champs 75002 Paris,01 49 27 97 17,www.labelleepoqueparis.f,https://www.yelp.com/biz/la-belle-epoque-paris-5?osq=Restaurant
A Jean Nicot,4.5,14,173 rue Saint Honoré 75001 Paris,01 42 60 49 77,,https://www.yelp.com/biz/a-jean-nicot-paris?osq=Restaurant
Two Stories,5.0,8,72 quai de Jemmapes 75010 Paris,01 53 16 17 88,www.twostories.f,https://www.yelp.com/biz/two-stories-paris?osq=Restaurant
L'Estrapade,5.0,45,15 rue de l'Estrapade 75005 Paris,01 43 25 72 58,www.bistrotlestrapade.f,https://www.yelp.com/biz/l-estrapade-paris?osq=Restaurant
Lapérouse,4.0,3,51 quai des Grands Augustins 75006 Paris,01 43 26 68 04,www.laperouse.co,https://www.yelp.com/biz/lap%C3%A9rouse-paris-4?osq=Restaurant
Le P'tit Bistro,5.0,14,8 rue Saint-Martin 75004 Paris,01 42 78 55 80,,https://www.yelp.com/biz/le-p-tit-bistro-paris-2?osq=Restaurant
Le P'tit Barcelone,4.5,9,10 Rue Boule Rouge 75009 Paris,01 40 22 96 39,www.leptitbarcelone.fr,https://www.yelp.com/biz/le-p-tit-barcelone-paris?osq=Restaurant
La Cave Gourmande,4.5,339,96 rue des Martyrs 75018 Paris,01 46 06 10 34,,https://www.yelp.com/biz/la-cave-gourmande-paris-2?osq=Restaurant
Le Comptoir des Petits Champs,4.0,45,17 rue des Petits Champs 75001 Paris,01 42 96 47 54,www.lecomptoirdespetitschamps.f,https://www.yelp.com/biz/le-comptoir-des-petits-champs-paris-2?osq=Restaurant
Les Bains - La Salle à Manger,5.0,2,7 rue du Bourg l'Abbé 75003 Paris,01 42 77 07 07,www.lesbains-paris.com,https://www.yelp.com/biz/les-bains-la-salle-%C3%A0-manger-paris?osq=Restaurant
Candelaria,4.0,330,52 rue de Saintonge 75003 Paris,01 42 74 41 28,www.quixotic-projects.com,https://www.yelp.com/biz/candelaria-paris-2?osq=Restaurant
L'îlot,4.5,58,4 rue de la Corderie 75003 Paris,06 95 12 86 61,www.lilot-restaurant.f,https://www.yelp.com/biz/l-%C3%AElot-paris-2?osq=Restaurant
Le Bistrot de Paris,4.5,25,33 rue de Lille 75007 Paris,01 42 61 16 83,,https://www.yelp.com/biz/le-bistrot-de-paris-paris-3?osq=Restaurant
Le Bistro Lyonnais,4.0,12,6 rue Michel Chasles 75012 Paris,01 55 78 06 42,www.lebistrodelyon.co,https://www.yelp.com/biz/le-bistro-lyonnais-paris?osq=Restaurant
Ralph's,4.0,79,173 boulevard Saint-Germain 75006 Paris,01 44 77 76 00,www.ralphlauren.fr,https://www.yelp.com/biz/ralphs-paris?osq=Restaurant
Chez Paul,4.0,244,13 rue Charonne 75011 Paris,01 47 00 34 57,www.chezpaul.co,https://www.yelp.com/biz/chez-paul-paris?osq=Restaurant
Floyd's,4.5,50,11 rue d'Enghien 75010 Paris,01 44 79 05 52,,https://www.yelp.com/biz/floyds-paris?osq=Restaurant
Le Bistro Lyonnais,4.0,12,6 rue Michel Chasles 75012 Paris,01 55 78 06 42,www.lebistrodelyon.co,https://www.yelp.com/biz/le-bistro-lyonnais-paris?osq=Restaurant
Maison Popeille,4.5,4,34 place du Marché Saint-Honoré 75001 Paris,09 53 49 82 53,,https://www.yelp.com/biz/maison-popeille-paris?osq=Restaurant
Chez Paul,4.0,244,13 rue Charonne 75011 Paris,01 47 00 34 57,www.chezpaul.co,https://www.yelp.com/biz/chez-paul-paris?osq=Restaurant
Claus - La Table du Petit-Déjeuner,4.5,249,14 rue Jean-Jacques Rousseau 75001 Paris,01 42 33 55 10,www.clausparis.co,https://www.yelp.com/biz/claus-la-table-du-petit-d%C3%A9jeuner-paris?osq=Restaurant
Clamato,4.5,85,80 rue Charonne 75011 Paris,01 43 72 74 53,www.clamato-charonne.f,https://www.yelp.com/biz/clamato-paris?osq=Restaurant
La Petite Périgourdine,4.0,116,39 rue des Ecoles 75005 Paris,01 43 26 33 35,,https://www.yelp.com/biz/la-petite-p%C3%A9rigourdine-paris-2?osq=Restaurant
Hero,4.0,77,289 rue Saint-Denis 75002 Paris,01 42 33 38 01,www.heroparis.com,https://www.yelp.com/biz/hero-paris-2?osq=Restaurant
Le Fumoir,4.0,309,6 rue de l'Amiral de Coligny 75001 Paris,01 42 92 00 24,www.lefumoir.co,https://www.yelp.com/biz/le-fumoir-paris?osq=Restaurant
Le Petit Vendôme,4.0,167,8 rue des Capucines 75002 Paris,01 42 61 05 88,,https://www.yelp.com/biz/le-petit-vend%C3%B4me-paris-2?osq=Restaurant
San,5.0,3,32 rue Coquillière 75001 Paris,32 rue Coquillière 75001 Paris France,,https://www.yelp.com/biz/san-paris-3?osq=Restaurant
L'Alsacien,4.5,67,6 rue Saint-Bon 75004 Paris,01 42 77 64 22,www.lalsacien.com,https://www.yelp.com/biz/l-alsacien-paris?osq=Restaurant
Khajuraho,5.0,15,14 bd de la Tour Maubourg 75007 Paris,01 42 73 29 18,,https://www.yelp.com/biz/khajuraho-paris?osq=Restaurant
Le Bistrot des Vosges,4.5,52,31 bd Beaumarchais 75004 Paris,01 42 72 94 85,www.bistrotdesvosges.com,https://www.yelp.com/biz/le-bistrot-des-vosges-paris?osq=Restaurant
Verjus,4.5,150,52 rue de Richelieu 75001 Paris,01 42 97 54 40,,https://www.yelp.com/biz/verjus-paris?osq=Restaurant
Café des Anges,4.0,153,66 rue de la Roquette 75011 Paris,01 47 00 00 63,,https://www.yelp.com/biz/caf%C3%A9-des-anges-paris?osq=Restaurant
Al Caratello,4.5,202,5 rue Audran 75018 Paris,01 42 62 24 23,www.caratello.fr,https://www.yelp.com/biz/al-caratello-paris-2?osq=Restaurant
Café Cassette,4.0,58,73 rue de Rennes 75006 Paris,01 45 48 53 78,www.cafecassette.com,https://www.yelp.com/biz/caf%C3%A9-cassette-paris-2?osq=Restaurant
Eggs & Co,4.5,365,11 rue Bernard Palissy 75006 Paris,01 45 44 02 52,www.eggsandco.f,https://www.yelp.com/biz/eggs-et-co-paris?osq=Restaurant
Le Prince Racine,4.5,7,22 rue Monsieur le Prince 75006 Paris,01 43 29 83 35,,https://www.yelp.com/biz/le-prince-racine-paris?osq=Restaurant
Les Embruns,4.5,64,8 rue de Lyon 75012 Paris,01 43 46 88 62,,https://www.yelp.com/biz/les-embruns-paris-2?osq=Restaurant
Loup,4.0,57,44 rue du Louvre 75001 Paris,01 42 36 73 23,www.loup-paris.co,https://www.yelp.com/biz/loup-paris?osq=Restaurant
Verjus,4.5,150,52 rue de Richelieu 75001 Paris,01 42 97 54 40,,https://www.yelp.com/biz/verjus-paris?osq=Restaurant
Machon d'Henri Le,4.5,41,8 Rue Guisarde 75006 Paris,01 43 29 08 70,,https://www.yelp.com/biz/machon-d-henri-le-paris-2?osq=Restaurant
Inavoué,4.5,6,4 impasse Gomboust 75001 Paris,01 40 20 09 28,,https://www.yelp.com/biz/inavou%C3%A9-paris-4?osq=Restaurant
Maison Sauvage,3.5,45,5 rue de Buci 75006 Paris,01 46 34 26 26,www.maison-sauvage.f,https://www.yelp.com/biz/maison-sauvage-paris-2?osq=Restaurant
Le Rigmarole,4.5,10,10 rue du Grand Prieuré 75011 Paris,01 71 24 58 44,,https://www.yelp.com/biz/le-rigmarole-paris?osq=Restaurant
El Nopal Taqueria,4.5,39,5 rue Duperré 75009 Paris,07 86 39 63 46,,https://www.yelp.com/biz/el-nopal-taqueria-paris?osq=Restaurant
Uma Nota,4.5,13,86 rue Réaumur 75002 Paris,01 42 33 07 71,www.uma-nota.co,https://www.yelp.com/biz/uma-nota-paris?osq=Restaurant
L'Auberge Aveyronnaise,4.0,108,40 Rue Gabriel Lamé 75012 Paris,01 43 40 12 24,www.aveyron.com,https://www.yelp.com/biz/l-auberge-aveyronnaise-paris?osq=Restaurant
20 Eiffel,4.5,16,20 rue de Monttessuy 75007 Paris,01 47 05 14 20,www.restaurant20eiffel.f,https://www.yelp.com/biz/20-eiffel-paris?osq=Restaurant
Crêperie Saint Eustache,4.5,50,2 rue Sauval 75001 Paris,01 40 28 40 39,,https://www.yelp.com/biz/cr%C3%AAperie-saint-eustache-paris-2?osq=Restaurant
Don Giovanni,5.0,22,19 rue François Miron 75004 Paris,01 48 87 01 02,www.dongiovanniparis.co,https://www.yelp.com/biz/don-giovanni-paris?osq=Restaurant
Le Mimosa,4.0,7,27 rue du Pont-Neuf 75001 Paris,01 40 26 30 74,www.mimosa-paris.fr,https://www.yelp.com/biz/le-mimosa-paris-2?osq=Restaurant
Bien Élevé,4.5,13,47 rue Richer 75009 Paris,01 45 81 44 35,www.bieneleve.f,https://www.yelp.com/biz/bien-%C3%A9lev%C3%A9-paris?osq=Restaurant
Restaurant le Meurice Alain Ducasse,4.0,85,228 rue de Rivoli 75001 Paris,01 44 58 10 55,www.dorchestercollection.com,https://www.yelp.com/biz/restaurant-le-meurice-alain-ducasse-paris-2?osq=Restaurant
Riz Riz,4.5,9,221 rue Saint Martin 75003 Paris,01 83 89 39 70,www.riz-riz.co,https://www.yelp.com/biz/riz-riz-paris?osq=Restaurant
Uma Nota,4.5,13,86 rue Réaumur 75002 Paris,01 42 33 07 71,www.uma-nota.co,https://www.yelp.com/biz/uma-nota-paris?osq=Restaurant
Inavoué,4.5,6,4 impasse Gomboust 75001 Paris,01 40 20 09 28,,https://www.yelp.com/biz/inavou%C3%A9-paris-4?osq=Restaurant
L'Auberge Aveyronnaise,4.0,108,40 Rue Gabriel Lamé 75012 Paris,01 43 40 12 24,www.aveyron.com,https://www.yelp.com/biz/l-auberge-aveyronnaise-paris?osq=Restaurant
